<?xml version="1.0" encoding="utf-8"?>
<Window size="500,300" roundcorner="5,5" caption="0,0,0,40" 
  mininfo="500,300" maxinfo="500,300" showshadow="true" shadowsize="4" shadowcolor="#00CBF7" dpi="system" >
  <Font id="0" name="Arial" size="12" default="true" />
  <Font id="1" name="Arial" size="14" />
  <Font id="2" name="Arial" size="18" />
  <VerticalLayout bkcolor="#FFFF0000">
    <HorizontalLayout height="40">
      <Label name="lblTitle" 
        height="40" 
        width="200" 
        padding="10,0,0,0" 
        textcolor="#FFFFFFFF" 
        text="" 
        align="left" 
      />
      
      <Control />
      
      <Button name="btnMin" 
        width="16" 
        height="16" 
        padding="0,12,12,0" 
        normalimage="image\min_n.png" 
        hotimage="image\min_h.png" 
        pushedimage="image\min_h.png" 
        cursor="hand" 
      />
      
      <Button name="btnClose" 
        width="16" 
        height="16" 
        padding="0,12,12,0" 
        normalimage="image\close_n.png" 
        hotimage="image\close_h.png" 
        pushedimage="image\close_h.png" 
        cursor="hand" 
      />
      
    </HorizontalLayout>

    <HorizontalLayout height="30" padding="0,45,0,0">
      <Label name="lblInstallTo" 
        height="20" 
        width="134" 
        padding="0,5,0,0" 
        textcolor="#FFFFFFFF" 
        text="Install to: " 
        align="right" 
      />
      
      <Edit name="edtPath" 
        width="260" 
        height="26" 
        padding="3,2,0,0" 
        bkcolor="#FF283337" 
        textpadding="3,0,3,0"
        nativebkcolor="#FF283337" 
        textcolor="#FFFFFFF" 
        nativetextcolor="#FFFFFFFF" 
        borderround="2,2" 
      />
      <Button name="btnBrowser" 
        width="58"
        height="26"
        padding="10,2,2,0" 
        bkcolor="#FF133D46" 
        textcolor="#FF25B0D7" 
        hottextcolor="#FF65C9E5" 
        pushedtextcolor="#FF65C9E5" 
        bordersize="1" 
        bordercolor="#FF25B0D7" 
        borderround="2,2" 
        text="Browser..." 
        cursor="hand" 
      />
		</HorizontalLayout>

		<Label name="lblDiskInfo" 
      height="20" 
      width="326" 
      padding="134,10,0,0" 
      textcolor="#FFFFFFFF" 
      text="" 
      align="left" 
    />

		<Control />

		<Button name="btnNext" 
      width="100" 
      height="36" 
      padding="234,0,0,17"
      bkcolor="#FF25B0D7" 
      textcolor="#FFF2F2F2" 
      hottextcolor="#FFFFFFFF" 
      pushedtextcolor="#FFFFFFFF" 
      borderround="2,2" 
      font="2" 
      text="Next" 
      cursor="hand" 
    />
  </VerticalLayout>
</Window>