{"schemaVersion":31,"addons":[{"id":"https-everywhere-eff@eff.org","syncGUID":"{2fb3262b-1b4e-4d62-bff5-4173dbcae577}","version":"2020.5.20","type":"extension","loader":null,"updateURL":"https://www.eff.org/files/https-everywhere-updates.json","optionsURL":"pages/options/index.html","optionsType":5,"optionsBrowserStyle":true,"aboutURL":null,"defaultLocale":{"name":"HTTPS Everywhere","description":"Encrypt the Web! Automatically use HTTPS security on many sites.","creator":"extension-devs@eff.org","homepageURL":"https://www.eff.org/https-everywhere","developers":null,"translators":null,"contributors":null},"visible":true,"active":true,"userDisabled":false,"appDisabled":false,"installDate":946684800000,"updateDate":946684800000,"applyBackgroundUpdates":1,"path":"C:\\Tor Browser\\Browser\\TorBrowser\\Data\\Browser\\profile.default\\extensions\\https-everywhere-eff@eff.org.xpi","skinnable":false,"sourceURI":null,"releaseNotesURI":null,"softDisabled":false,"foreignInstall":true,"strictCompatibility":true,"locales":[{"name":"HTTPS Everywhere","description":"Encrypt the Web! Automatically use HTTPS security on many sites.","creator":"extension-devs@eff.org","homepageURL":"https://www.eff.org/https-everywhere","developers":null,"translators":null,"contributors":null,"locales":["en"]},{"name":"HTTPS Everywhere","description":"Encrypt the Web! Automatically use HTTPS security on many sites.","creator":"extension-devs@eff.org","homepageURL":"https://www.eff.org/https-everywhere","developers":null,"translators":null,"contributors":null,"locales":["oc"]},{"name":"HTTPS Everywhere","description":"ウェブを暗号化します！多くのウェブサイト上でHTTPSセキュリティを自動的にかけます。","creator":"extension-devs@eff.org","homepageURL":"https://www.eff.org/https-everywhere","developers":null,"translators":null,"contributors":null,"locales":["ja"]},{"name":"HTTPS Everywhere","description":"Amgriptiwch yr We! Defnyddiwch diogelwch HTTPS yn awtomatig ar nifer o wefanau.","creator":"extension-devs@eff.org","homepageURL":"https://www.eff.org/https-everywhere","developers":null,"translators":null,"contributors":null,"locales":["cy"]},{"name":"HTTPS Everywhere","description":"Encripte a Web! Utilize automaticamente a segurança HTTPS em vários sites.","creator":"extension-devs@eff.org","homepageURL":"https://www.eff.org/https-everywhere","developers":null,"translators":null,"contributors":null,"locales":["pt-PT"]},{"name":"HTTPS Kõikjal","description":"Krüpteeri veeb! Kasuta HTTPS turvalaiendust automaatselt paljudel lehtedel.","creator":"extension-devs@eff.org","homepageURL":"https://www.eff.org/https-everywhere","developers":null,"translators":null,"contributors":null,"locales":["et"]},{"name":"HTTPS Everywhere","description":"Encrypt the Web! Automatically use HTTPS security on many sites.","creator":"extension-devs@eff.org","homepageURL":"https://www.eff.org/https-everywhere","developers":null,"translators":null,"contributors":null,"locales":["te"]},{"name":"HTTPS Everywhere","description":"Encripta la Web! Usar seguridá HTTPS automáticamente en munchos sitios","creator":"extension-devs@eff.org","homepageURL":"https://www.eff.org/https-everywhere","developers":null,"translators":null,"contributors":null,"locales":["ast"]},{"name":"HTTPS Everywhere","description":"Encrypt the Web! Automatically use HTTPS security on many sites.","creator":"extension-devs@eff.org","homepageURL":"https://www.eff.org/https-everywhere","developers":null,"translators":null,"contributors":null,"locales":["fy"]},{"name":"HTTPS partout","description":"Chiffrez la Toile ! Utilisez automatiquement la sécurité HTTPS avec de nombreux sites.","creator":"extension-devs@eff.org","homepageURL":"https://www.eff.org/https-everywhere","developers":null,"translators":null,"contributors":null,"locales":["fr"]},{"name":"HTTPS Everywhere","description":"Enkripsi web-nya! Gunakan keamanan HTTPS secara otomatis di banyak situs.","creator":"extension-devs@eff.org","homepageURL":"https://www.eff.org/https-everywhere","developers":null,"translators":null,"contributors":null,"locales":["id"]},{"name":"HTTPS Навсякъде","description":"Шифрирайте мрежата! Използвайте автоматична HTTPS защита на много страници.","creator":"extension-devs@eff.org","homepageURL":"https://www.eff.org/https-everywhere","developers":null,"translators":null,"contributors":null,"locales":["bg"]},{"name":"HTTPS Everywhere","description":"អ៊ិនគ្រីប​តំបន់​បណ្ដាញ! ប្រើ​សុវត្ថិភាព HTTPS នៅ​លើ​បណ្ដាញ​​ជា​ច្រើន។","creator":"extension-devs@eff.org","homepageURL":"https://www.eff.org/https-everywhere","developers":null,"translators":null,"contributors":null,"locales":["km"]},{"name":"HTTPS ਐਵਰੀਵੇਅਰ","description":"ਵੈੱਬ ਨੂੰ ਇੰਕ੍ਰਿਪਟ ਕਰੋ! ਕਈ ਸਾਈਟਾਂ ਲਈ ਆਪਣੇ ਆਪ HTTPS ਸੁਰੱਖਿਆ ਵਰਤੋ।","creator":"extension-devs@eff.org","homepageURL":"https://www.eff.org/https-everywhere","developers":null,"translators":null,"contributors":null,"locales":["pa"]},{"name":"HTTPS Everywhere","description":"Weba enkriptatu! Automatikoki erabili HTTPS segurtasuna leku askotan.","creator":"extension-devs@eff.org","homepageURL":"https://www.eff.org/https-everywhere","developers":null,"translators":null,"contributors":null,"locales":["eu"]},{"name":"সর্বত্র HTTPS","description":"ওয়েব এনক্রিপ্ট! অনেক সাইটগুলিতে স্বয়ংক্রিয়ভাবে HTTPS নিরাপত্তা ব্যবহার করুন","creator":"extension-devs@eff.org","homepageURL":"https://www.eff.org/https-everywhere","developers":null,"translators":null,"contributors":null,"locales":["bn"]},{"name":"HTTPS Everywhere","description":"Kryptera webben! Använd HTTPS automatiskt på många webbplatser.","creator":"extension-devs@eff.org","homepageURL":"https://www.eff.org/https-everywhere","developers":null,"translators":null,"contributors":null,"locales":["sv"]},{"name":"HTTPS Everywhere","description":"Šifrujte! Používejte automaticky zabezpečené HTTPS na mnoha stránkách.","creator":"extension-devs@eff.org","homepageURL":"https://www.eff.org/https-everywhere","developers":null,"translators":null,"contributors":null,"locales":["cs"]},{"name":"HTTPS Everywhere","description":"Encrypt the Web! Automatically use HTTPS security on many sites.","creator":"extension-devs@eff.org","homepageURL":"https://www.eff.org/https-everywhere","developers":null,"translators":null,"contributors":null,"locales":["templates"]},{"name":"HTTPS Everywhere","description":"Encrypt the Web! Automatically use HTTPS security on many sites.","creator":"extension-devs@eff.org","homepageURL":"https://www.eff.org/https-everywhere","developers":null,"translators":null,"contributors":null,"locales":["or"]},{"name":"HTTPS Everywhere","description":"Encrypt the Web! Automatically use HTTPS security on many sites.","creator":"extension-devs@eff.org","homepageURL":"https://www.eff.org/https-everywhere","developers":null,"translators":null,"contributors":null,"locales":["kn"]},{"name":"HTTPS Everywhere","description":"Krypter veven! Bruk HTTPS-tryggleik automatisk på mange sider.","creator":"extension-devs@eff.org","homepageURL":"https://www.eff.org/https-everywhere","developers":null,"translators":null,"contributors":null,"locales":["nn"]},{"name":"HTTPS Everywhere","description":"Titkosítsa a Web-et! Automatikusan használja a HTTPS titkosítást a legtöbb oldalon.","creator":"extension-devs@eff.org","homepageURL":"https://www.eff.org/https-everywhere","developers":null,"translators":null,"contributors":null,"locales":["hu"]},{"name":"HTTPS-allsstaðar","description":"Dulkóðaðu vefinn! Notaðu sjálfkrafa HTTPS-öryggi á mörgum vefsvæðum.","creator":"extension-devs@eff.org","homepageURL":"https://www.eff.org/https-everywhere","developers":null,"translators":null,"contributors":null,"locales":["is"]},{"name":"HTTPS Everywhere","description":"Зашифруйте мережу! Автоматично використовуйте безпеку HTTPS на багатьох сайтах.","creator":"extension-devs@eff.org","homepageURL":"https://www.eff.org/https-everywhere","developers":null,"translators":null,"contributors":null,"locales":["uk"]},{"name":"HTTPS Everywhere","description":"Sulitkan Sesawang! Guna HTTPS secara automatik di kebanyakan laman.","creator":"extension-devs@eff.org","homepageURL":"https://www.eff.org/https-everywhere","developers":null,"translators":null,"contributors":null,"locales":["ms-MY"]},{"name":"ہائپر ٹیکسٹ ٹرانسفر پروٹوکول سکیور ہر جگہ ","description":"ویب کو خفیہ کریں! خودبخود ہائپر ٹیکسٹ ٹرانسفر پروٹوکول سکیور سکیورٹی زیادہ سائیٹس پر استعمال کریں۔","creator":"extension-devs@eff.org","homepageURL":"https://www.eff.org/https-everywhere","developers":null,"translators":null,"contributors":null,"locales":["ur"]},{"name":"HTTPS kila mahali","description":"Encrypt mtandao!  Moja kwa moja tumia HTTPS usalama kwenye tovuti nyingi.","creator":"extension-devs@eff.org","homepageURL":"https://www.eff.org/https-everywhere","developers":null,"translators":null,"contributors":null,"locales":["sw"]},{"name":"HTTPS-Ĉie","description":"Ĉifrigu la reton! Aŭtomate uzu HTTPS‐sekurecon ĉe multaj retejoj.","creator":"extension-devs@eff.org","homepageURL":"https://www.eff.org/https-everywhere","developers":null,"translators":null,"contributors":null,"locales":["eo"]},{"name":"HTTPS Everywhere","description":"شفر شبكة الإنترنت! استخدم تلقائيا تقنية HTTPS للأمان مع الكثير من المواقع.","creator":"extension-devs@eff.org","homepageURL":"https://www.eff.org/https-everywhere","developers":null,"translators":null,"contributors":null,"locales":["ar"]},{"name":"HTTPS Everywhere","description":"Mã hóa Web! Tự động sử dụng bảo mật HTTPS ở nhiều trang web.","creator":"extension-devs@eff.org","homepageURL":"https://www.eff.org/https-everywhere","developers":null,"translators":null,"contributors":null,"locales":["vi"]},{"name":"HTTPS Everywhere","description":"დაშიფრეთ ინტერნეტკავშირი! გამოიყენეთ დაცული HTTPS საიტების უმეტეს ნაწილზე.","creator":"extension-devs@eff.org","homepageURL":"https://www.eff.org/https-everywhere","developers":null,"translators":null,"contributors":null,"locales":["ka"]},{"name":"HTTPS Everywhere","description":"Encrypt the Web! Automatically use HTTPS security on many sites.","creator":"extension-devs@eff.org","homepageURL":"https://www.eff.org/https-everywhere","developers":null,"translators":null,"contributors":null,"locales":["son"]},{"name":"HTTPS Everywhere","description":"Encrypt the Web! Automatically use HTTPS security on many sites.","creator":"extension-devs@eff.org","homepageURL":"https://www.eff.org/https-everywhere","developers":null,"translators":null,"contributors":null,"locales":["gd"]},{"name":"HTTPS Everywhere","description":"웹을 암호화 하세요! 자동으로 여러 사이트에 HTTPS 보안을 사용합니다.","creator":"extension-devs@eff.org","homepageURL":"https://www.eff.org/https-everywhere","developers":null,"translators":null,"contributors":null,"locales":["ko"]},{"name":"HTTPS Everywhere","description":"Cripta il Web! Usa HTTPS automaticamente su numerosi siti.","creator":"extension-devs@eff.org","homepageURL":"https://www.eff.org/https-everywhere","developers":null,"translators":null,"contributors":null,"locales":["it"]},{"name":"HTTPS Everywhere","description":"¡Encriptar la Web! Usar seguridad HTTPS automáticamente en la mayoría de los sitios.","creator":"extension-devs@eff.org","homepageURL":"https://www.eff.org/https-everywhere","developers":null,"translators":null,"contributors":null,"locales":["es-AR"]},{"name":"HTTPS Everywhere","description":"Encrypt the Web! Automatically use HTTPS security on many sites.","creator":"extension-devs@eff.org","homepageURL":"https://www.eff.org/https-everywhere","developers":null,"translators":null,"contributors":null,"locales":["uz"]},{"name":"HTTPS Everywhere","description":"Šifruokite saityną! Automatiškai naudokite HTTPS saugumą daugelyje svetainių.","creator":"extension-devs@eff.org","homepageURL":"https://www.eff.org/https-everywhere","developers":null,"translators":null,"contributors":null,"locales":["lt"]},{"name":"HTTPS Everywhere","description":"Cifra la Red! Automáticamente utiliza seguridades HTTPS en multiples sitios.","creator":"extension-devs@eff.org","homepageURL":"https://www.eff.org/https-everywhere","developers":null,"translators":null,"contributors":null,"locales":["es-MX"]},{"name":"HTTPS Everywhere","description":"इन्टरनेट संचार को एनक्रिप्ट करें! सभी वेबसाइट्स पर स्वतः ही HTTPS का इस्तेमाल करें.","creator":"extension-devs@eff.org","homepageURL":"https://www.eff.org/https-everywhere","developers":null,"translators":null,"contributors":null,"locales":["hi"]},{"name":"HTTPS Everywhere","description":"Fshehtëzoni Web-in! Përdorni automatikisht siguri HTTPS në mjaft sajte.","creator":"extension-devs@eff.org","homepageURL":"https://www.eff.org/https-everywhere","developers":null,"translators":null,"contributors":null,"locales":["sq"]},{"name":"எல்லா இடங்களிலும் HTTPS","description":"வலை Encrypt! தானாகவே பல தளங்களில் HTTPS பாதுகாப்பு பயன்படுத்த.","creator":"extension-devs@eff.org","homepageURL":"https://www.eff.org/https-everywhere","developers":null,"translators":null,"contributors":null,"locales":["ta"]},{"name":"HTTPS Everywhere","description":"බොහෝ වෙබ් අඩවි සඳහා HTTPS ආරක්ෂාව ස්වයංක්‍රීයව පාවිච්චි කරන්න.","creator":"extension-devs@eff.org","homepageURL":"https://www.eff.org/https-everywhere","developers":null,"translators":null,"contributors":null,"locales":["si-LK"]},{"name":"Hər yerdə HTTPS","description":"Veb-i şifrələ! Bir çox saytlarda HTTPS-i avtomatik istifadə et.","creator":"extension-devs@eff.org","homepageURL":"https://www.eff.org/https-everywhere","developers":null,"translators":null,"contributors":null,"locales":["az"]},{"name":"HTTPS Насекаде","description":"Екриптирај го Веб-от! Автоматски користи HTTPS сигурност на многу страни.","creator":"extension-devs@eff.org","homepageURL":"https://www.eff.org/https-everywhere","developers":null,"translators":null,"contributors":null,"locales":["mk"]},{"name":"HTTPS Everywhere","description":"เข้ารหัสลับให้กับเว็บ ใช้มาตรการความปลอดภัย HTTPS กับเว็บไซต์โดยอัตโมมัติ","creator":"extension-devs@eff.org","homepageURL":"https://www.eff.org/https-everywhere","developers":null,"translators":null,"contributors":null,"locales":["th"]},{"name":"HTTPS Everywhere","description":"Verschlüsselt das Internet! Nutzen Sie HTTPS-Sicherheit automatisch auf vielen Webseiten.","creator":"extension-devs@eff.org","homepageURL":"https://www.eff.org/https-everywhere","developers":null,"translators":null,"contributors":null,"locales":["de"]},{"name":"HTTPS Everywhere","description":"Encrypt the Web! Automatically use HTTPS security on many sites.","creator":"extension-devs@eff.org","homepageURL":"https://www.eff.org/https-everywhere","developers":null,"translators":null,"contributors":null,"locales":["en-GB"]},{"name":"HTTPS सर्वत्र","description":"वेब कूटबद्ध करा ! आपोआप अनेक साइटवर HTTPS सुरक्षा वापरा.","creator":"extension-devs@eff.org","homepageURL":"https://www.eff.org/https-everywhere","developers":null,"translators":null,"contributors":null,"locales":["mr"]},{"name":"HTTPS Everywhere","description":"Encrypt the Web! Automatically use HTTPS security on many sites.","creator":"extension-devs@eff.org","homepageURL":"https://www.eff.org/https-everywhere","developers":null,"translators":null,"contributors":null,"locales":["my"]},{"name":"HTTPS Everywhere","description":"Krypter nettet! Bruk HTTPS-sikkerhet automatisk på mange nettsteder.","creator":"extension-devs@eff.org","homepageURL":"https://www.eff.org/https-everywhere","developers":null,"translators":null,"contributors":null,"locales":["nb"]},{"name":"HTTPS Everywhere","description":"Xifra la Web! Fes servir automàticament la seguretat HTTPS a molts llocs.","creator":"extension-devs@eff.org","homepageURL":"https://www.eff.org/https-everywhere","developers":null,"translators":null,"contributors":null,"locales":["ca"]},{"name":"HTTPS Everywhere","description":"Cifrar a Web! Usar automáticamente seguridade HTTPS en moitos sitios.","creator":"extension-devs@eff.org","homepageURL":"https://www.eff.org/https-everywhere","developers":null,"translators":null,"contributors":null,"locales":["gl"]},{"name":"HTTPS Everywhere","description":"Zašifrujte web! Tento doplnok automatizuje použitie HTTPS na mnohých stránkach.","creator":"extension-devs@eff.org","homepageURL":"https://www.eff.org/https-everywhere","developers":null,"translators":null,"contributors":null,"locales":["sk"]},{"name":"HTTPS Svuda","description":"Šifriraj veb! Automatski koristi HTTPS bezbednosni protokol na velikom broju sajtova.","creator":"extension-devs@eff.org","homepageURL":"https://www.eff.org/https-everywhere","developers":null,"translators":null,"contributors":null,"locales":["sr"]},{"name":"HTTPS Everywhere","description":"Enkripteer die Web! Gebruik HTTPS sekuriteit automaties op baie plekke.","creator":"extension-devs@eff.org","homepageURL":"https://www.eff.org/https-everywhere","developers":null,"translators":null,"contributors":null,"locales":["af"]},{"name":"HTTPS در همه جا","description":"وب را رمزگذاری کنید! از امنیت HTTPS بصورت خودکار برای بسیاری از وب‌سایت‌ها استفاده کنید.","creator":"extension-devs@eff.org","homepageURL":"https://www.eff.org/https-everywhere","developers":null,"translators":null,"contributors":null,"locales":["fa"]},{"name":"HTTPS Everywhere","description":"Encrypt the Web! Automatically use HTTPS security on many sites.","creator":"extension-devs@eff.org","homepageURL":"https://www.eff.org/https-everywhere","developers":null,"translators":null,"contributors":null,"locales":["ia"]},{"name":"എല്ലായിടത്തും എച്ച്ടിടിപിഎസ്","description":"വെബ് രഹസ്യ കോഡുകൾ ആക്കി മാറ്റുക ! തനിയെ നിരവധി സൈറ്റുകളിൽ എഛ് ടി ടി പി എസ് സുരക്ഷിതത്വം ഉപയോഗിക്കുക ","creator":"extension-devs@eff.org","homepageURL":"https://www.eff.org/https-everywhere","developers":null,"translators":null,"contributors":null,"locales":["ml"]},{"name":"HTTPS Everywhere","description":"加密网络浏览，自动使用 HTTPS 连接访问站点，更加安全。","creator":"extension-devs@eff.org","homepageURL":"https://www.eff.org/https-everywhere","developers":null,"translators":null,"contributors":null,"locales":["zh-CN"]},{"name":"HTTPS Everywhere","description":"Encrypt the Web! Automatically use HTTPS security on many sites.","creator":"extension-devs@eff.org","homepageURL":"https://www.eff.org/https-everywhere","developers":null,"translators":null,"contributors":null,"locales":["br"]},{"name":"HTTPS Everywhere","description":"Зашифруйте сеть! Автоматически переключайтесь на безопасный протокол HTTPS там, где это возможно.","creator":"extension-devs@eff.org","homepageURL":"https://www.eff.org/https-everywhere","developers":null,"translators":null,"contributors":null,"locales":["ru"]},{"name":"HTTPS Everywhere","description":"Szyfruj sieć! Automatycznie używaj zabezpieczeń HTTPS na wielu stronach.","creator":"extension-devs@eff.org","homepageURL":"https://www.eff.org/https-everywhere","developers":null,"translators":null,"contributors":null,"locales":["pl"]},{"name":"HTTPS Everywhere","description":"Zakodirajte internet! Samodejno uporabite HTTPS zaščito na mnogih spletnih straneh.","creator":"extension-devs@eff.org","homepageURL":"https://www.eff.org/https-everywhere","developers":null,"translators":null,"contributors":null,"locales":["sl"]},{"name":"HTTPS Everywhere","description":"Šifrēt tīmekli! Automātiski lietot HTTPS drošību daudzās vietnēs.","creator":"extension-devs@eff.org","homepageURL":"https://www.eff.org/https-everywhere","developers":null,"translators":null,"contributors":null,"locales":["lv"]},{"name":"HTTPS Everywhere","description":"Šifriraj web! Automatski koristi HTTPS sigurnost na mnogim stranicama.","creator":"extension-devs@eff.org","homepageURL":"https://www.eff.org/https-everywhere","developers":null,"translators":null,"contributors":null,"locales":["hr"]},{"name":"HTTPS Kaikkialla","description":"Salaa verkko automaattisesti käyttäen HTTPS-suojausta monilla sivuilla!","creator":"extension-devs@eff.org","homepageURL":"https://www.eff.org/https-everywhere","developers":null,"translators":null,"contributors":null,"locales":["fi"]},{"name":"HTTPS Everywhere","description":"Encrypt the Web! Automatically use HTTPS security on many sites.","creator":"extension-devs@eff.org","homepageURL":"https://www.eff.org/https-everywhere","developers":null,"translators":null,"contributors":null,"locales":["ach"]},{"name":"HTTPS Everywhere","description":"Կոդավորե՛ք Վեբը։ Ավտոմատ օգտագործեք HTTPS անվտանգություն շատ կայքերի վրա։","creator":"extension-devs@eff.org","homepageURL":"https://www.eff.org/https-everywhere","developers":null,"translators":null,"contributors":null,"locales":["hy"]},{"name":"HTTPS Everywhere","description":"Versleutel het Web! Gebruik HTTPS Everywhere automatisch op vele websites.","creator":"extension-devs@eff.org","homepageURL":"https://www.eff.org/https-everywhere","developers":null,"translators":null,"contributors":null,"locales":["nl-BE"]},{"name":"HTTPS Oriunde","description":"Criptează web-ul! Folosește automat securitatea HTTPS pe multe site-uri.","creator":"extension-devs@eff.org","homepageURL":"https://www.eff.org/https-everywhere","developers":null,"translators":null,"contributors":null,"locales":["ro"]},{"name":"Барлық жерде HTTPS","description":"Вебті шифрлау! Көптеген сайттарда HTTPS қауіпсіздігін автоматты түрде пайдаланыңыз.","creator":"extension-devs@eff.org","homepageURL":"https://www.eff.org/https-everywhere","developers":null,"translators":null,"contributors":null,"locales":["kk"]},{"name":"HTTPS Everywhere","description":"Зашыфруйце Iнтэрнэт! Аўтаматычнае выкарыстанне бяспекі HTTPS на розных сайтах","creator":"extension-devs@eff.org","homepageURL":"https://www.eff.org/https-everywhere","developers":null,"translators":null,"contributors":null,"locales":["be"]},{"name":"HTTPS Everywhere","description":"Encrypt the Web! Automatically use HTTPS security on many sites.","creator":"extension-devs@eff.org","homepageURL":"https://www.eff.org/https-everywhere","developers":null,"translators":null,"contributors":null,"locales":["bs"]},{"name":"HTTPS Everywhere","description":"Encrypt the Web! Automatically use HTTPS security on many sites.","creator":"extension-devs@eff.org","homepageURL":"https://www.eff.org/https-everywhere","developers":null,"translators":null,"contributors":null,"locales":["kab"]},{"name":"HTTPS Everywhere","description":"વેબ ગોપનીય કરો! ઘણી સાઇટ પર આપમેળે HTTPS સુરક્ષાનો ઉપયોગ કરો.","creator":"extension-devs@eff.org","homepageURL":"https://www.eff.org/https-everywhere","developers":null,"translators":null,"contributors":null,"locales":["gu"]},{"name":"HTTPS Everywhere","description":"Κρυπτογραφήστε τον Παγκόσμιο Ιστό! Χρησιμοποιήστε αυτόματα ασφάλεια HTTPS σε πολλούς δικτυακούς τόπους.","creator":"extension-devs@eff.org","homepageURL":"https://www.eff.org/https-everywhere","developers":null,"translators":null,"contributors":null,"locales":["el"]},{"name":"HTTPS Everywhere","description":"¡Cifre la Web! Utilice automáticamente la seguridad HTTPS en muchos sitios.","creator":"extension-devs@eff.org","homepageURL":"https://www.eff.org/https-everywhere","developers":null,"translators":null,"contributors":null,"locales":["es"]},{"name":"HTTPS Everywhere","description":"Criptografar a Web! Use automaticamente a segurança HTTPS em diversos sites.","creator":"extension-devs@eff.org","homepageURL":"https://www.eff.org/https-everywhere","developers":null,"translators":null,"contributors":null,"locales":["pt-BR"]},{"name":"HTTPS Everywhere","description":"Kryptér webbet! Brug HTTPS-sikkerhed automatisk på mange websteder.","creator":"extension-devs@eff.org","homepageURL":"https://www.eff.org/https-everywhere","developers":null,"translators":null,"contributors":null,"locales":["da"]},{"name":"HTTPS Everywhere","description":"加密整個網路！自動在網站上使用 HTTPS 安全連線。","creator":"extension-devs@eff.org","homepageURL":"https://www.eff.org/https-everywhere","developers":null,"translators":null,"contributors":null,"locales":["zh-TW"]},{"name":"HTTPS Everywhere","description":"הצפן את הרשת! השתמש באבטחת HTTPS באופן אוטומטי באתרים רבים.","creator":"extension-devs@eff.org","homepageURL":"https://www.eff.org/https-everywhere","developers":null,"translators":null,"contributors":null,"locales":["he"]},{"name":"HTTPS Everywhere","description":"Web iletişiminizi şifreleyin! Birçok sitede otomatik olarak HTTPS güvenliğini kullanın.","creator":"extension-devs@eff.org","homepageURL":"https://www.eff.org/https-everywhere","developers":null,"translators":null,"contributors":null,"locales":["tr"]},{"name":"「https優先」","description":"將互聯網加密！自動喺網站使用https連線。","creator":"extension-devs@eff.org","homepageURL":"https://www.eff.org/https-everywhere","developers":null,"translators":null,"contributors":null,"locales":["zh-HK"]},{"name":"HTTPS Everywhere","description":"Encrypt the Web! Automatically use HTTPS security on many sites.","creator":"extension-devs@eff.org","homepageURL":"https://www.eff.org/https-everywhere","developers":null,"translators":null,"contributors":null,"locales":["ne"]},{"name":"HTTPS Everywhere","description":"Versleutel het web! Gebruik automatisch HTTPS-beveiliging op veel websites.","creator":"extension-devs@eff.org","homepageURL":"https://www.eff.org/https-everywhere","developers":null,"translators":null,"contributors":null,"locales":["nl"]},{"name":"HTTPS Everywhere","description":"Criptigh an Gréasán! Bain úsáid as slándáil HTTPS go huathoibríoch ar go leor suíomh.","creator":"extension-devs@eff.org","homepageURL":"https://www.eff.org/https-everywhere","developers":null,"translators":null,"contributors":null,"locales":["ga"]}],"targetApplications":[{"id":"toolkit@mozilla.org","minVersion":null,"maxVersion":null}],"targetPlatforms":[],"signedState":2,"seen":true,"dependencies":[],"incognito":"spanning","userPermissions":{"permissions":["webNavigation","webRequest","webRequestBlocking","tabs","cookies","storage"],"origins":["*://*/*","ftp://*/*"]},"icons":{"48":"images/icons/icon-active-48.png","128":"images/icons/icon-active-128.png"},"iconURL":null,"blocklistState":0,"blocklistURL":null,"startupData":null,"hidden":false,"installTelemetryInfo":{"source":"app-profile","method":"sideload"},"recommendationState":null,"rootURI":"jar:file:///C:/Tor%20Browser/Browser/TorBrowser/Data/Browser/profile.default/extensions/https-everywhere-eff@eff.org.xpi!/","location":"app-profile"},{"id":"{73a6fe31-595d-460b-a920-fcc0f8843232}","syncGUID":"{804e52b6-462a-4bcb-8baa-4522aa51db72}","version":"11.0.34","type":"extension","loader":null,"updateURL":null,"optionsURL":"ui/options.html","optionsType":3,"optionsBrowserStyle":true,"aboutURL":null,"defaultLocale":{"name":"NoScript","description":"Maximum protection for your browser: NoScript allows active content only for trusted domains of your choice to prevent exploitation.","creator":null,"developers":null,"translators":null,"contributors":null},"visible":true,"active":true,"userDisabled":false,"appDisabled":false,"installDate":946684800000,"updateDate":946684800000,"applyBackgroundUpdates":1,"path":"C:\\Tor Browser\\Browser\\TorBrowser\\Data\\Browser\\profile.default\\extensions\\{73a6fe31-595d-460b-a920-fcc0f8843232}.xpi","skinnable":false,"sourceURI":null,"releaseNotesURI":null,"softDisabled":false,"foreignInstall":true,"strictCompatibility":true,"locales":[{"name":"NoScript","description":"Maximum protection for your browser: NoScript allows active content only for trusted domains of your choice to prevent exploitation.","creator":null,"developers":null,"translators":null,"contributors":null,"locales":["en"]},{"name":"NoScript","description":"Ekstra beskyttelse for Firefox: NoScript tillater JavaScript, Flash (og andre programtillegg) kun for betrodde domener du velger (f.eks. din nettbankside). Denne hvitlistebaserte forhåndsblokkeringsbaserte tilnærmingen forhindrer utnytting av sikkerhetssvakheter (kjente og ukjente!) uten funksjonalitetstap… Eksperter vil bekrefte: Firefox er faktisk tryggere med NoScript :-)","creator":null,"developers":null,"translators":null,"contributors":null,"locales":["nb-NO"]},{"name":"NoScript","description":"ブラウザの最大限の保護：NoScript は、悪用を防ぐために、選択した信頼できるドメインに対してのみアクティブコンテンツを許可します。","creator":null,"developers":null,"translators":null,"contributors":null,"locales":["ja"]},{"name":"NoScript","description":"Une protection maximale pour votre navigateur. NoScript ne permet les contenus actifs que pour les domaines de votre choix, afin de prévenir l’exploitation de vulnérabilités informatiques.","creator":null,"developers":null,"translators":null,"contributors":null,"locales":["fr"]},{"name":"NoScript","description":"ব্রাউজারের জন্য সর্বোচ্চ সুরক্ষা : নোস্ক্রিপ্ট আপনার বিশ্বস্ত চিহ্নিত ডোমেইনগুলোর সক্রিয় কন্টেন্টকেই শুধু চলতে দেয়, যেন কেউ পরিস্থিতির সুযোগ নিতে না পারে।","creator":null,"developers":null,"translators":null,"contributors":null,"locales":["bn"]},{"name":"NoScript","description":"Hámarksvarnir fyrir vafrann þinn: NoScript leyfir virkt efni einungis frá þeim lénum sem þú hefur ákveðið að treysta, svo koma megi í veg fyrir misnotkun.","creator":null,"developers":null,"translators":null,"contributors":null,"locales":["is"]},{"name":"NoScript","description":"Maximalt skydd för din webbläsare: NoScript tillåter aktivt innehåll endast för betrodda domäner som du väljer för att förhindra exploatering.","creator":null,"developers":null,"translators":null,"contributors":null,"locales":["sv-SE"]},{"name":"NoScript","description":"Maksimalus jūsų naršyklės apsaugojimas: Aktyvų turinį NoScript leidžia tik iš jūsų pasirinktų patikimų domenų, kad apsisaugotumėte nuo išnaudojimo.","creator":null,"developers":null,"translators":null,"contributors":null,"locales":["lt"]},{"name":"NoScript","description":"Protezione massima per il tuo browser: NoScript permette i contenuti attivi solo per i domini fidati di tua scelta per impedirne lo sfruttamento.","creator":null,"developers":null,"translators":null,"contributors":null,"locales":["it"]},{"name":"NoScript","description":"Mbrojtje maksimale për shfletuesin tuaj: NoScript lejon lëndë aktive vetëm për përkatësi të besuara që doni, për të penguar shfrytësimin.","creator":null,"developers":null,"translators":null,"contributors":null,"locales":["sq"]},{"name":"NoScript","description":"Максимална заштита за вашиот пребарувач: NoScript овозможува активна содржина само за доверливите домеини од вашиот избор за да спречи злоупотреба.","creator":null,"developers":null,"translators":null,"contributors":null,"locales":["mk"]},{"name":"NoScript","description":"Maximaler Schutz für Ihren Browser: NoScript lässt aktive Inhalte nur für vertrauenswürdige Domains Ihrer Wahl zu, um das Ausnutzen von Sicherheitslücken zu verhindern.","creator":null,"developers":null,"translators":null,"contributors":null,"locales":["de"]},{"name":"NoScript","description":"Protecció màxima per al vostre navegador: NoScript permet contingut actiu només per a dominis de confiança que escolliu per evitar l'explotació.","creator":null,"developers":null,"translators":null,"contributors":null,"locales":["ca"]},{"name":"NoScript","description":"Maksimal beskyttelse for nettleseren din: NoScript tillater bare aktivt innhold for pålitelige domener du ønsker, for å forhindre utnyttelse.","creator":null,"developers":null,"translators":null,"contributors":null,"locales":["nb"]},{"name":"NoScript","description":"Perlindungan maksimum untuk pelayar anda: NoScript hanya membolehkan kandungan aktif untuk domain yang dipercayai berdasarkan pilihan anda untuk menghindari eksploitasi.","creator":null,"developers":null,"translators":null,"contributors":null,"locales":["ms"]},{"name":"NoScript","description":"Maximum protection for your browser: NoScript allows active content only for trusted domains of your choice to prevent exploitation.","creator":null,"developers":null,"translators":null,"contributors":null,"locales":["zh-CN"]},{"name":"NoScript","description":"Максимальная защита вашего браузера: для предотвращения использования уязвимостей NoScript разрешает активное содержимое только для доверенных доменов, выбранных вами.","creator":null,"developers":null,"translators":null,"contributors":null,"locales":["ru"]},{"name":"NoScript","description":"Maximum protection for your browser: NoScript allows active content only for trusted domains of your choice to prevent exploitation.","creator":null,"developers":null,"translators":null,"contributors":null,"locales":["br"]},{"name":"NoScript","description":"Maximum protection for your browser: NoScript allows active content only for trusted domains of your choice to prevent exploitation.","creator":null,"developers":null,"translators":null,"contributors":null,"locales":["pl"]},{"name":"NoScript","description":"Máxima protección para tu navegador: NoScript permite contenido activo solamente para dominios en los que confías por elección, para prevenir la explotación.","creator":null,"developers":null,"translators":null,"contributors":null,"locales":["es"]},{"name":"NoScript","description":"Maximum protection for your browser: NoScript allows active content only for trusted domains of your choice to prevent exploitation.","creator":null,"developers":null,"translators":null,"contributors":null,"locales":["el"]},{"name":"NoScript","description":"Maximum protection for your browser: NoScript allows active content only for trusted domains of your choice to prevent exploitation.","creator":null,"developers":null,"translators":null,"contributors":null,"locales":["pt-BR"]},{"name":"NoScript","description":"給您的瀏覽器最大保護：NoScript 僅允許您選擇之信任網域的主動式內容，以防止入侵。","creator":null,"developers":null,"translators":null,"contributors":null,"locales":["zh-TW"]},{"name":"NoScript","description":"הגנה מירבית לדפדפן שלך: NoScript מתיר תוכן פעיל רק עבור תחומים מהימנים לבחירתך כדי למנוע ניצול פירצות.","creator":null,"developers":null,"translators":null,"contributors":null,"locales":["he"]},{"name":"NoScript","description":"Maksimal beskyttelse til din browser: NoScript tillader kun aktivt indhold på troværdige domæner som du vælger, for at forhindre udnyttelse.","creator":null,"developers":null,"translators":null,"contributors":null,"locales":["da"]},{"name":"NoScript","description":"Tarayıcınız için en iyi koruma: NoScript, kötü niyetli girişimleri engellemek için, yalnız güvenilir olarak seçtiğiniz etki alanlarında bulunan etkin içeriklerin çalışmasına izin verir.","creator":null,"developers":null,"translators":null,"contributors":null,"locales":["tr"]},{"name":"NoScript","description":"Maximale bescherming voor uw browser: NoScript staat actieve inhoud alleen toe voor vertrouwde domeinen van uw keuze, zodat uitbuiting wordt voorkomen.","creator":null,"developers":null,"translators":null,"contributors":null,"locales":["nl"]}],"targetApplications":[{"id":"toolkit@mozilla.org","minVersion":"59.0","maxVersion":null}],"targetPlatforms":[],"signedState":2,"seen":true,"dependencies":[],"incognito":"spanning","userPermissions":{"permissions":["contextMenus","storage","tabs","unlimitedStorage","webNavigation","webRequest","webRequestBlocking"],"origins":["<all_urls>","ftp://*/*"]},"icons":{"48":"img/icon48.png","96":"img/icon96.png","256":"img/icon256.png"},"iconURL":null,"blocklistState":0,"blocklistURL":null,"startupData":null,"hidden":false,"installTelemetryInfo":{"source":"app-profile","method":"sideload"},"recommendationState":{"validNotAfter":1752193964000,"validNotBefore":1594405964000,"states":["recommended"]},"rootURI":"jar:file:///C:/Tor%20Browser/Browser/TorBrowser/Data/Browser/profile.default/extensions/%7B73a6fe31-595d-460b-a920-fcc0f8843232%7D.xpi!/","location":"app-profile"},{"id":"onboarding@mozilla.org","syncGUID":"{06e97847-fb1a-491d-84f8-1e5a5faea0bd}","version":"1.0","type":"extension","loader":null,"updateURL":null,"optionsURL":null,"optionsType":null,"optionsBrowserStyle":true,"aboutURL":null,"defaultLocale":{"name":"Onboarding","creator":null,"developers":null,"translators":null,"contributors":null},"visible":true,"active":true,"userDisabled":false,"appDisabled":false,"installDate":946684800000,"updateDate":946684800000,"applyBackgroundUpdates":1,"path":"C:\\Tor Browser\\Browser\\browser\\features\\onboarding@mozilla.org.xpi","skinnable":false,"sourceURI":null,"releaseNotesURI":null,"softDisabled":false,"foreignInstall":false,"strictCompatibility":true,"locales":[],"targetApplications":[{"id":"toolkit@mozilla.org","minVersion":null,"maxVersion":null}],"targetPlatforms":[],"seen":true,"dependencies":[],"incognito":"spanning","userPermissions":{"permissions":[],"origins":[]},"icons":{},"iconURL":null,"blocklistState":0,"blocklistURL":null,"startupData":null,"hidden":true,"installTelemetryInfo":null,"recommendationState":null,"rootURI":"jar:file:///C:/Tor%20Browser/Browser/browser/features/onboarding@mozilla.org.xpi!/","location":"app-system-defaults"},{"id":"default-theme@mozilla.org","syncGUID":"{d2563b21-7515-4da3-8923-1e3df9b7f1cf}","version":"1.0","type":"theme","loader":null,"updateURL":null,"optionsURL":null,"optionsType":null,"optionsBrowserStyle":true,"aboutURL":null,"defaultLocale":{"name":"Default","description":"A theme with the operating system color scheme.","creator":"Mozilla","developers":null,"translators":null,"contributors":null},"visible":true,"active":true,"userDisabled":false,"appDisabled":false,"installDate":1596352560877,"updateDate":946684800000,"applyBackgroundUpdates":1,"path":null,"skinnable":false,"sourceURI":null,"releaseNotesURI":null,"softDisabled":false,"foreignInstall":false,"strictCompatibility":true,"locales":[],"targetApplications":[{"id":"toolkit@mozilla.org","minVersion":null,"maxVersion":null}],"targetPlatforms":[],"seen":true,"dependencies":[],"userPermissions":null,"icons":{"32":"icon.svg"},"iconURL":null,"blocklistState":0,"blocklistURL":null,"startupData":null,"hidden":false,"installTelemetryInfo":null,"recommendationState":null,"rootURI":"resource://gre/modules/themes/default/","location":"app-builtin"},{"id":"firefox-compact-light@mozilla.org","syncGUID":"{4f7211c1-8bdf-43dd-ba3d-ad4e4d67331e}","version":"1.0","type":"theme","loader":null,"updateURL":null,"optionsURL":null,"optionsType":null,"optionsBrowserStyle":true,"aboutURL":null,"defaultLocale":{"name":"Light","description":"A theme with a light color scheme.","creator":"Mozilla","developers":null,"translators":null,"contributors":null},"visible":true,"active":false,"userDisabled":true,"appDisabled":false,"installDate":1596352612130,"updateDate":946684800000,"applyBackgroundUpdates":1,"path":null,"skinnable":false,"sourceURI":null,"releaseNotesURI":null,"softDisabled":false,"foreignInstall":false,"strictCompatibility":true,"locales":[],"targetApplications":[{"id":"toolkit@mozilla.org","minVersion":null,"maxVersion":null}],"targetPlatforms":[],"seen":true,"dependencies":[],"userPermissions":null,"icons":{"32":"icon.svg"},"iconURL":null,"blocklistState":0,"blocklistURL":null,"startupData":null,"hidden":false,"installTelemetryInfo":null,"recommendationState":null,"rootURI":"resource:///modules/themes/light/","location":"app-builtin"},{"id":"firefox-compact-dark@mozilla.org","syncGUID":"{c98692e0-9bf5-470f-8351-1aa25f9d8ac9}","version":"1.0","type":"theme","loader":null,"updateURL":null,"optionsURL":null,"optionsType":null,"optionsBrowserStyle":true,"aboutURL":null,"defaultLocale":{"name":"Dark","description":"A theme with a dark color scheme.","creator":"Mozilla","developers":null,"translators":null,"contributors":null},"visible":true,"active":false,"userDisabled":true,"appDisabled":false,"installDate":1596352612135,"updateDate":946684800000,"applyBackgroundUpdates":1,"path":null,"skinnable":false,"sourceURI":null,"releaseNotesURI":null,"softDisabled":false,"foreignInstall":false,"strictCompatibility":true,"locales":[],"targetApplications":[{"id":"toolkit@mozilla.org","minVersion":null,"maxVersion":null}],"targetPlatforms":[],"seen":true,"dependencies":[],"userPermissions":null,"icons":{"32":"icon.svg"},"iconURL":null,"blocklistState":0,"blocklistURL":null,"startupData":null,"hidden":false,"installTelemetryInfo":null,"recommendationState":null,"rootURI":"resource:///modules/themes/dark/","location":"app-builtin"},{"id":"ddg@search.mozilla.org","syncGUID":"{def9ad4a-665f-4656-a61a-9a73db91c8b6}","version":"1.0","type":"extension","loader":null,"updateURL":null,"optionsURL":null,"optionsType":null,"optionsBrowserStyle":true,"aboutURL":null,"defaultLocale":{"name":"DuckDuckGo","description":"Search DuckDuckGo","creator":null,"developers":null,"translators":null,"contributors":null},"visible":true,"active":true,"userDisabled":false,"appDisabled":false,"installDate":1596352612598,"updateDate":946684800000,"applyBackgroundUpdates":1,"path":null,"skinnable":false,"sourceURI":null,"releaseNotesURI":null,"softDisabled":false,"foreignInstall":false,"strictCompatibility":true,"locales":[],"targetApplications":[{"id":"toolkit@mozilla.org","minVersion":null,"maxVersion":null}],"targetPlatforms":[],"seen":true,"dependencies":[],"incognito":"spanning","userPermissions":{"permissions":[],"origins":[]},"icons":{"16":"favicon.png"},"iconURL":null,"blocklistState":0,"blocklistURL":null,"startupData":null,"hidden":true,"installTelemetryInfo":null,"recommendationState":null,"rootURI":"resource://search-extensions/ddg/","location":"app-builtin"},{"id":"ddg-onion@search.mozilla.org","syncGUID":"{7b564812-14b2-436b-9967-01bdc561b09d}","version":"1.0","type":"extension","loader":null,"updateURL":null,"optionsURL":null,"optionsType":null,"optionsBrowserStyle":true,"aboutURL":null,"defaultLocale":{"name":"DuckDuckGoOnion","description":"Duck Duck Go Onion","creator":null,"developers":null,"translators":null,"contributors":null},"visible":true,"active":true,"userDisabled":false,"appDisabled":false,"installDate":1596352612644,"updateDate":946684800000,"applyBackgroundUpdates":1,"path":null,"skinnable":false,"sourceURI":null,"releaseNotesURI":null,"softDisabled":false,"foreignInstall":false,"strictCompatibility":true,"locales":[],"targetApplications":[{"id":"toolkit@mozilla.org","minVersion":null,"maxVersion":null}],"targetPlatforms":[],"seen":true,"dependencies":[],"incognito":"spanning","userPermissions":{"permissions":[],"origins":[]},"icons":{"16":"favicon.ico"},"iconURL":null,"blocklistState":0,"blocklistURL":null,"startupData":null,"hidden":true,"installTelemetryInfo":null,"recommendationState":null,"rootURI":"resource://search-extensions/ddg-onion/","location":"app-builtin"},{"id":"google@search.mozilla.org","syncGUID":"{3362bd78-402c-47e1-8b06-65de5b18357d}","version":"1.0","type":"extension","loader":null,"updateURL":null,"optionsURL":null,"optionsType":null,"optionsBrowserStyle":true,"aboutURL":null,"defaultLocale":{"name":"Google","description":"Google Search","creator":null,"developers":null,"translators":null,"contributors":null},"visible":true,"active":true,"userDisabled":false,"appDisabled":false,"installDate":1596352612670,"updateDate":946684800000,"applyBackgroundUpdates":1,"path":null,"skinnable":false,"sourceURI":null,"releaseNotesURI":null,"softDisabled":false,"foreignInstall":false,"strictCompatibility":true,"locales":[],"targetApplications":[{"id":"toolkit@mozilla.org","minVersion":null,"maxVersion":null}],"targetPlatforms":[],"seen":true,"dependencies":[],"incognito":"spanning","userPermissions":{"permissions":[],"origins":[]},"icons":{"16":"favicon.ico"},"iconURL":null,"blocklistState":0,"blocklistURL":null,"startupData":null,"hidden":true,"installTelemetryInfo":null,"recommendationState":null,"rootURI":"resource://search-extensions/google/","location":"app-builtin"},{"id":"yahoo@search.mozilla.org","syncGUID":"{ac9e3785-60a5-442c-b343-88ac501365b1}","version":"1.0","type":"extension","loader":null,"updateURL":null,"optionsURL":null,"optionsType":null,"optionsBrowserStyle":true,"aboutURL":null,"defaultLocale":{"name":"Yahoo","description":"Yahoo Search","creator":null,"developers":null,"translators":null,"contributors":null},"visible":true,"active":true,"userDisabled":false,"appDisabled":false,"installDate":1596352612689,"updateDate":946684800000,"applyBackgroundUpdates":1,"path":null,"skinnable":false,"sourceURI":null,"releaseNotesURI":null,"softDisabled":false,"foreignInstall":false,"strictCompatibility":true,"locales":[],"targetApplications":[{"id":"toolkit@mozilla.org","minVersion":null,"maxVersion":null}],"targetPlatforms":[],"seen":true,"dependencies":[],"incognito":"spanning","userPermissions":{"permissions":[],"origins":[]},"icons":{"16":"favicon.ico"},"iconURL":null,"blocklistState":0,"blocklistURL":null,"startupData":null,"hidden":true,"installTelemetryInfo":null,"recommendationState":null,"rootURI":"resource://search-extensions/yahoo/","location":"app-builtin"},{"id":"twitter@search.mozilla.org","syncGUID":"{46ab2541-3505-4721-a853-86142a96d208}","version":"1.0","type":"extension","loader":null,"updateURL":null,"optionsURL":null,"optionsType":null,"optionsBrowserStyle":true,"aboutURL":null,"defaultLocale":{"name":"Twitter","description":"Realtime Twitter Search","creator":null,"developers":null,"translators":null,"contributors":null},"visible":true,"active":true,"userDisabled":false,"appDisabled":false,"installDate":1596352612714,"updateDate":946684800000,"applyBackgroundUpdates":1,"path":null,"skinnable":false,"sourceURI":null,"releaseNotesURI":null,"softDisabled":false,"foreignInstall":false,"strictCompatibility":true,"locales":[],"targetApplications":[{"id":"toolkit@mozilla.org","minVersion":null,"maxVersion":null}],"targetPlatforms":[],"seen":true,"dependencies":[],"incognito":"spanning","userPermissions":{"permissions":[],"origins":[]},"icons":{"16":"favicon.ico"},"iconURL":null,"blocklistState":0,"blocklistURL":null,"startupData":null,"hidden":true,"installTelemetryInfo":null,"recommendationState":null,"rootURI":"resource://search-extensions/twitter/","location":"app-builtin"},{"id":"wikipedia@search.mozilla.org","syncGUID":"{7cf9e088-8ade-43cb-b3be-de761677773f}","version":"1.0","type":"extension","loader":null,"updateURL":null,"optionsURL":null,"optionsType":null,"optionsBrowserStyle":true,"aboutURL":null,"defaultLocale":{"name":"Wikipedia (en)","description":"Wikipedia, the Free Encyclopedia","creator":null,"developers":null,"translators":null,"contributors":null},"visible":true,"active":true,"userDisabled":false,"appDisabled":false,"installDate":1596352612737,"updateDate":946684800000,"applyBackgroundUpdates":1,"path":null,"skinnable":false,"sourceURI":null,"releaseNotesURI":null,"softDisabled":false,"foreignInstall":false,"strictCompatibility":true,"locales":[],"targetApplications":[{"id":"toolkit@mozilla.org","minVersion":null,"maxVersion":null}],"targetPlatforms":[],"seen":true,"dependencies":[],"incognito":"spanning","userPermissions":{"permissions":[],"origins":[]},"icons":{"16":"favicon.ico"},"iconURL":null,"blocklistState":0,"blocklistURL":null,"startupData":null,"hidden":true,"installTelemetryInfo":null,"recommendationState":null,"rootURI":"resource://search-extensions/wikipedia/","location":"app-builtin"},{"id":"youtube@search.mozilla.org","syncGUID":"{7e2c14d1-90ce-49ce-98c8-ac6ffd545a36}","version":"1.0","type":"extension","loader":null,"updateURL":null,"optionsURL":null,"optionsType":null,"optionsBrowserStyle":true,"aboutURL":null,"defaultLocale":{"name":"YouTube","description":"YouTube - Videos","creator":null,"developers":null,"translators":null,"contributors":null},"visible":true,"active":true,"userDisabled":false,"appDisabled":false,"installDate":1596352612752,"updateDate":946684800000,"applyBackgroundUpdates":1,"path":null,"skinnable":false,"sourceURI":null,"releaseNotesURI":null,"softDisabled":false,"foreignInstall":false,"strictCompatibility":true,"locales":[],"targetApplications":[{"id":"toolkit@mozilla.org","minVersion":null,"maxVersion":null}],"targetPlatforms":[],"seen":true,"dependencies":[],"incognito":"spanning","userPermissions":{"permissions":[],"origins":[]},"icons":{"16":"favicon.ico"},"iconURL":null,"blocklistState":0,"blocklistURL":null,"startupData":null,"hidden":true,"installTelemetryInfo":null,"recommendationState":null,"rootURI":"resource://search-extensions/youtube/","location":"app-builtin"},{"id":"startpage@search.mozilla.org","syncGUID":"{fcd687c8-9d80-4f35-ac82-9211a859e0c6}","version":"1.0","type":"extension","loader":null,"updateURL":null,"optionsURL":null,"optionsType":null,"optionsBrowserStyle":true,"aboutURL":null,"defaultLocale":{"name":"Startpage","description":"Start Page","creator":null,"developers":null,"translators":null,"contributors":null},"visible":true,"active":true,"userDisabled":false,"appDisabled":false,"installDate":1596352612766,"updateDate":946684800000,"applyBackgroundUpdates":1,"path":null,"skinnable":false,"sourceURI":null,"releaseNotesURI":null,"softDisabled":false,"foreignInstall":false,"strictCompatibility":true,"locales":[],"targetApplications":[{"id":"toolkit@mozilla.org","minVersion":null,"maxVersion":null}],"targetPlatforms":[],"seen":true,"dependencies":[],"incognito":"spanning","userPermissions":{"permissions":[],"origins":[]},"icons":{"16":"favicon.png"},"iconURL":null,"blocklistState":0,"blocklistURL":null,"startupData":null,"hidden":true,"installTelemetryInfo":null,"recommendationState":null,"rootURI":"resource://search-extensions/startpage/","location":"app-builtin"}]}