<?xml version="1.0" encoding="utf-8"?>
<Window size="560,320" roundcorner="5,5" caption="0,0,0,22" 
  mininfo="560,320" maxinfo="560,320" showshadow="true" shadowsize="4" shadowcolor="#00CBF7" dpi="system" >
  <Font id="0" name="Microsoft YaHei UI" size="12" default="true" />
  <Font id="1" name="Microsoft YaHei UI" size="14" />
  <Font id="1" name="Microsoft YaHei UI" size="16" />
  <Font id="2" name="Microsoft YaHei UI" size="18" />
  <VerticalLayout bkcolor="#FF191B27" >
    <HorizontalLayout height="20" padding="16,6,16,0">
      <Label name="lblTitle" 
        height="20" width="200"
        textcolor="#FFFFFFFF" 
        text="" 
        align="left" 
      />
      
      <Control />
      
      <Button name="btnMin" 
        width="16" height="16" padding="0,2,0,0" 
        normalimage="image\min_n.png" 
        hotimage="image\min_h.png" 
        pushedimage="image\min_h.png" 
        cursor="hand" 
      />
      
      <Control width="10" />
      
      <Button name="btnClose" 
        width="16" height="16" padding="0,2,0,0" 
        normalimage="image\close_n.png" 
        hotimage="image\close_h.png" 
        pushedimage="image\close_h.png" 
        cursor="hand" 
      />      
    </HorizontalLayout>
    
    <Control />
    
    <HorizontalLayout height="100">
      <Control />
      <Label name="lblImage" width="100" height="100" 
        bkimage="image\cry.png" 
      />
      <Control />
    </HorizontalLayout>
    
    <Control />
    
    <HorizontalLayout>
      <Control />
      <Button name="btnFinish" 
        width="160" height="36" 
        bkcolor="#FF03CB83" 
        textcolor="#FFFFFFFFF" 
        hottextcolor="#FFFFFFFF" 
        pushedtextcolor="#FFFFFFFF" 
        font="1" 
        text="Bye-bye" 
        cursor="hand" 
      />
      <Control />
    </HorizontalLayout>

    <Control height="50" />

  </VerticalLayout>
</Window>