<?xml version="1.0" encoding="utf-8"?>
<Window size="500,300" roundcorner="5,5" caption="0,0,0,40" mininfo="500,300" maxinfo="500,300" 
  showshadow="true" shadowsize="4" shadowcolor="#00CBF7" dpi="system" >
  <Font id="0" name="Arial" size="12" default="true" />
  <Font id="1" name="Arial" size="14" />
  <VerticalLayout bkcolor="#FF000000" >
    <HorizontalLayout height="40">
      <Label name="lblTitle" 
        height="40" 
        width="200" 
        padding="10,0,0,0" 
        textcolor="#FFFFFFFF" 
        text="" 
        align="left" 
      />
      
			<Control />
      
			<Button name="btnMin" 
        width="16" 
        height="16" 
        padding="0,12,12,0" 
        normalimage="image\min_n.png" 
        hotimage="image\min_h.png" 
        pushedimage="image\min_h.png" 
        cursor="hand" 
      />
        
			<Button name="btnClose" 
        width="16" 
        height="16" 
        padding="0,12,12,0" 
        normalimage="image\close_n.png" 
        hotimage="image\close_h.png" 
        pushedimage="image\close_h.png" 
        cursor="hand" 
      />
    </HorizontalLayout>

    <HorizontalLayout>
      <Control />
      <Label name="lblImage" 
        width="100" 
        height="100" 
      />
      <Control />
    </HorizontalLayout>

		<Control />

		<VerticalLayout>
			<Label name="lblProgress" 
        height="25" 
        padding="10,0,10,0" 
        textcolor="#FFFFFFFF" 
        text="" 
        font="1" 
      />
      
			<Progress 
        name="progress" 
        height="10" 
        padding="10,6,10,0" 
        bkcolor="#FF4B5D62" 
        forecolor="#FF25B0D7" 
        borderround="3,3" 
        value="0" 
      />
     <Label name="lblDetail" 
        height="25" 
        padding="10,6,10,0" 
        textcolor="#FFFFFFFF" 
        text="" 
        font="0" 
      />
		</VerticalLayout>
  </VerticalLayout>
</Window>