<?xml version="1.0" encoding="utf-8"?>
<Window size="360,200" roundcorner="5,5" caption="0,0,0,22" mininfo="360,200" maxinfo="360,200" 
  showshadow="true" shadowsize="4" shadowcolor="#ff14B9D6" dpi="system" >
  <Font id="0" name="Microsoft YaHei UI" size="12" default="true" />
  <Font id="1" name="Microsoft YaHei UI" size="14" />
  <Font id="1" name="Microsoft YaHei UI" size="16" />
  <Font id="2" name="Microsoft YaHei UI" size="18" />
  
  <VerticalLayout bkcolor="#FF2D2E39" >
    <HorizontalLayout height="20" padding="6,2,6,0">
      <Label name="lblTitle" 
        height="20" width="200"
        textcolor="#FFFFFFFF" 
        text="" 
        align="left" 
      />
      
      <Control />
      
      <Button name="btnClose" 
        width="16" height="16" padding="0,2,0,0" 
        normalimage="image\close_n.png" 
        hotimage="image\close_h.png" 
        pushedimage="image\close_h.png" 
        cursor="hand" 
      />      
    </HorizontalLayout>
      
    <Control />
    
    <Label name="lblMsg" 
      font="1" 
      textcolor="#FFFFFFFF" 
      text="" 
      align="center" 
    />
    
    <Control />
	
    <HorizontalLayout height="26">
      <Control />
      
      <Button name="btnOK" 
        width="76" height="26"
        bkcolor="#FF4A4C62" 
        textcolor="#FFFFFFFF"
        hottextcolor="#FFFFFFFF" 
        pushedtextcolor="#FFFFFFFF" 
        borderround="2,2" 
        text="OK" 
        cursor="hand" 
      />
      
      <Control width="16" />
      
      <Button name="btnCancel" 
        width="76" 
        height="26" 
        bkcolor="#FF03CB83" 
        textcolor="#FFFFFFFF" 
        hottextcolor="#FFFFFFFF" 
        pushedtextcolor="#FFFFFFFF" 
        borderround="2,2" 
        text="Cancel" 
        cursor="hand" />
        
      <Control />
    </HorizontalLayout>
    
    <Control height="20" />
  </VerticalLayout>
</Window>