<?xml version="1.0" encoding="utf-8"?>
<Window size="500,300" roundcorner="5,5" caption="0,0,0,300" mininfo="500,300" maxinfo="500,300" showshadow="true" shadowsize="4" shadowcolor="#ff14B9D6" dpi="system" >
  <Font id="0" name="Arial" size="12" default="true" />
  <Font id="1" name="Arial" size="14" />
  <VerticalLayout bkimage="image\warn_bk.png" bordersize="1" bordercolor="#FF14B9D6" >
    <VerticalLayout height="234" >
      <HorizontalLayout height="21">
        <Label name="lblTitle" 
          height="25" 
          padding="5,0,0,0" 
          font="1" 
          textcolor="#FFFFFFFF" 
          text="" 
          align="left" 
        />
        <Control />
        <Button name="btnClose" 
          width="16" 
          height="16" 
          padding="0,2,5,0" 
          normalimage="image\close_n.png" 
          hotimage="image\close_h.png" 
          pushedimage="image\close_h.png" 
          cursor="hand" 
        />
      </HorizontalLayout>
      
      <Control />
      <Label name="lblMsg" 
        height="25" 
        padding="0,4,0,0" 
        font="1" 
        textcolor="#FFFFFFFF" 
        text="" 
        align="center" 
      />
      <Control />
    </VerticalLayout>
	
    <Control />
	
    <VerticalLayout height="64">
      <Control />
      <HorizontalLayout height="26">
        <Control />
        <Button name="btnOK" 
          width="76" height="26"
          bkcolor="#FF14B9D6" 
          textcolor="#FFFFFFFF"
          hottextcolor="#FFFFFFFF" 
          pushedtextcolor="#FFFFFFFF" 
          borderround="2,2" 
          text="OK" 
          font="1" 
          cursor="hand" 
        />
        
        <Button name="btnCancel" 
          width="76" 
          height="26" 
          padding="15,0,0,0" 
          bkcolor="#FF454950" 
          textcolor="#FFFFFFFF" 
          hottextcolor="#FFFFFFFF" 
          pushedtextcolor="#FFFFFFFF" 
          borderround="2,2" 
          text="Cancel" 
          font="1" 
          cursor="hand" />
        <Control />
      </HorizontalLayout>
      <Control />
    </VerticalLayout>

  </VerticalLayout>
</Window>